numer,denom,倒数分解法
9261000,408410100000,1
1944810000,85766121000000,1
408410100000,18010885410000000,1
85766121000000,3782285936100000000,1
18010885410000000,794280046581000000000,1
3782285936100000000,166798809782010000000000,1
794280046581000000000,35027750054222100000000000,1
166798809782010000000000,7355827511386641000000000000,1
35027750054222100000000000,1544723777391194610000000000000,1
7355827511386641000000000000,324391993252150868100000000000000,1
1544723777391194610000000000000,68122318582951682301000000000000000,1
324391993252150868100000000000000,14305686902419853283210000000000000000,1
68122318582951682301000000000000000,3004194249508169189474100000000000000000,1
14305686902419853283210000000000000000,630880792396715529789561000000000000000000,1
3004194249508169189474100000000000000000,132484966403310261255807810000000000000000000,1
630880792396715529789561000000000000000000,27821842944695154863719640100000000000000000000,1
132484966403310261255807810000000000000000000,5842587018385982521381124421000000000000000000000,1
27821842944695154863719640100000000000000000000,1226943273861056329490036128410000000000000000000000,1
5842587018385982521381124421000000000000000000000,257658087510821829192907586966100000000000000000000000,1
1226943273861056329490036128410000000000000000000000,54108198377272584130510593262881000000000000000000000000,1
257658087510821829192907586966100000000000000000000000,11362721659227242667407224585205010000000000000000000000000,1
54108198377272584130510593262881000000000000000000000000,2386171548437720960155517162893052100000000000000000000000000,1
11362721659227242667407224585205010000000000000000000000000,501096025171921401632658604207540941000000000000000000000000000,1
2386171548437720960155517162893052100000000000000000000000000,105230165286103494342858306883583597610000000000000000000000000000,1
501096025171921401632658604207540941000000000000000000000000000,22098334710081733812000244445552555498100000000000000000000000000000,1
105230165286103494342858306883583597610000000000000000000000000000,4640650289117164100520051333566036654601000000000000000000000000000000,1
22098334710081733812000244445552555498100000000000000000000000000000,974536560714604461109210780048867697466210000000000000000000000000000000,1
4640650289117164100520051333566036654601000000000000000000000000000000,204652677750066936832934263810262216467904100000000000000000000000000000000,1
974536560714604461109210780048867697466210000000000000000000000000000000,42977062327514056734916195400155065458259861000000000000000000000000000000000,1
204652677750066936832934263810262216467904100000000000000000000000000000000,9025183088777951914332401034032563746234570810000000000000000000000000000000000,1
42977062327514056734916195400155065458259861000000000000000000000000000000000,1895288448643369902009804217146838386709259870100000000000000000000000000000000000,1
9025183088777951914332401034032563746234570810000000000000000000000000000000000,398010574215107679422058885600836061208944572721000000000000000000000000000000000000,1
1895288448643369902009804217146838386709259870100000000000000000000000000000000000,83582220585172612678632365976175572853878360271410000000000000000000000000000000000000,1
398010574215107679422058885600836061208944572721000000000000000000000000000000000000,17552266322886248662512796854996870299314455656996100000000000000000000000000000000000000,1
83582220585172612678632365976175572853878360271410000000000000000000000000000000000000,3685975927806112219127687339549342762856035687969181000000000000000000000000000000000000000,1
17552266322886248662512796854996870299314455656996100000000000000000000000000000000000000,774054944839283566016814341305361980199767494473528010000000000000000000000000000000000000000,1
3685975927806112219127687339549342762856035687969181000000000000000000000000000000000000000,162551538416249548863531011674126015841951173839440882100000000000000000000000000000000000000000,1
774054944839283566016814341305361980199767494473528010000000000000000000000000000000000000000,34135823067412405261341512451566463326809746506282585241000000000000000000000000000000000000000000,1
162551538416249548863531011674126015841951173839440882100000000000000000000000000000000000000000,7168522844156605104881717614828957298630046766319342900610000000000000000000000000000000000000000000,1
34135823067412405261341512451566463326809746506282585241000000000000000000000000000000000000000000,1505389797272887072025160699114081032712309820927062009128100000000000000000000000000000000000000000000,1
7168522844156605104881717614828957298630046766319342900610000000000000000000000000000000000000000000,316131857427306285125283746813957016869585062394683021916901000000000000000000000000000000000000000000000,1
1505389797272887072025160699114081032712309820927062009128100000000000000000000000000000000000000000000,66387690059734319876309586830930973542612863102883434602549210000000000000000000000000000000000000000000000,1
316131857427306285125283746813957016869585062394683021916901000000000000000000000000000000000000000000000,13941414912544207174025013234495504443948701251605521266535334100000000000000000000000000000000000000000000000,1
66387690059734319876309586830930973542612863102883434602549210000000000000000000000000000000000000000000000,2927697131634283506545252779244055933229227262837159465972420161000000000000000000000000000000000000000000000000,1
13941414912544207174025013234495504443948701251605521266535334100000000000000000000000000000000000000000000000,614816397643199536374503083641251745978137725195803487854208233810000000000000000000000000000000000000000000000000,1
2927697131634283506545252779244055933229227262837159465972420161000000000000000000000000000000000000000000000000,129111443505071902638645647564662866655408922291118732449383729100100000000000000000000000000000000000000000000000000,1
614816397643199536374503083641251745978137725195803487854208233810000000000000000000000000000000000000000000000000,27113403136065099554115585988579201997635873681134933814370583111021000000000000000000000000000000000000000000000000000,1
129111443505071902638645647564662866655408922291118732449383729100100000000000000000000000000000000000000000000000000,5693814658573670906364273057601632419503533473038336101017822453314410000000000000000000000000000000000000000000000000000,1
27113403136065099554115585988579201997635873681134933814370583111021000000000000000000000000000000000000000000000000000,1195701078300470890336497342096342808095742029338050581213742715196026100000000000000000000000000000000000000000000000000000,1
5693814658573670906364273057601632419503533473038336101017822453314410000000000000000000000000000000000000000000000000000,251097226443098886970664441840231989700105826160990622054885970191165481000000000000000000000000000000000000000000000000000000,1
1195701078300470890336497342096342808095742029338050581213742715196026100000000000000000000000000000000000000000000000000000,52730417553050766263839532786448717837022223493808030631526053740144751010000000000000000000000000000000000000000000000000000000,1
251097226443098886970664441840231989700105826160990622054885970191165481000000000000000000000000000000000000000000000000000000,11073387686140660915406301885154230745774666933699686432620471285430397712100000000000000000000000000000000000000000000000000000000,1
52730417553050766263839532786448717837022223493808030631526053740144751010000000000000000000000000000000000000000000000000000000,2325411414089538792235323395882388456612680056076934150850298969940383519541000000000000000000000000000000000000000000000000000000000,1
11073387686140660915406301885154230745774666933699686432620471285430397712100000000000000000000000000000000000000000000000000000000,488336396958803146369417913135301575888662811776156171678562783687480539103610000000000000000000000000000000000000000000000000000000000,1
2325411414089538792235323395882388456612680056076934150850298969940383519541000000000000000000000000000000000000000000000000000000000,102550643361348660737577761758413330936619190472992796052498184574370913211758100000000000000000000000000000000000000000000000000000000000,1
488336396958803146369417913135301575888662811776156171678562783687480539103610000000000000000000000000000000000000000000000000000000000,21535635105883218754891329969266799496690029999328487171024618760617891774469201000000000000000000000000000000000000000000000000000000000000,1
102550643361348660737577761758413330936619190472992796052498184574370913211758100000000000000000000000000000000000000000000000000000000000,4522483372235475938527179293546027894304906299858982305915169939729757272638532210000000000000000000000000000000000000000000000000000000000000,1
21535635105883218754891329969266799496690029999328487171024618760617891774469201000000000000000000000000000000000000000000000000000000000000,949721508169449947090707651644665857804030322970386284242185687343249027254091764100000000000000000000000000000000000000000000000000000000000000,1
4522483372235475938527179293546027894304906299858982305915169939729757272638532210000000000000000000000000000000000000000000000000000000000000,199441516715584488889048606845379830138846367823781119690858994342082295723359270461000000000000000000000000000000000000000000000000000000000000000,1
949721508169449947090707651644665857804030322970386284242185687343249027254091764100000000000000000000000000000000000000000000000000000000000000,41882718510272742666700207437529764329157737242994035135080388811837282101905446796810000000000000000000000000000000000000000000000000000000000000000,1
199441516715584488889048606845379830138846367823781119690858994342082295723359270461000000000000000000000000000000000000000000000000000000000000000,8795370887157275960007043561881250509123124821028747378366881650485829241400143827330100000000000000000000000000000000000000000000000000000000000000000,1
41882718510272742666700207437529764329157737242994035135080388811837282101905446796810000000000000000000000000000000000000000000000000000000000000000,1847027886303027951601479147995062606915856212416036949457045146602024140694030203739321000000000000000000000000000000000000000000000000000000000000000000,1
8795370887157275960007043561881250509123124821028747378366881650485829241400143827330100000000000000000000000000000000000000000000000000000000000000000,387875856123635869836310621078963147452329804607367759385979480786425069545746342785257410000000000000000000000000000000000000000000000000000000000000000000,1
1847027886303027951601479147995062606915856212416036949457045146602024140694030203739321000000000000000000000000000000000000000000000000000000000000000000,81453929785963532665625230426582260964989258967547229471055690965149264604606731984904056100000000000000000000000000000000000000000000000000000000000000000000,1
387875856123635869836310621078963147452329804607367759385979480786425069545746342785257410000000000000000000000000000000000000000000000000000000000000000000,17105325255052341859781298389582274802647744383184918188921695102681345566967413716829851781000000000000000000000000000000000000000000000000000000000000000000000,1
81453929785963532665625230426582260964989258967547229471055690965149264604606731984904056100000000000000000000000000000000000000000000000000000000000000000000,3592118303560991790554072661812277708556026320468832819673555971563082569063156880534268874010000000000000000000000000000000000000000000000000000000000000000000000,1
17105325255052341859781298389582274802647744383184918188921695102681345566967413716829851781000000000000000000000000000000000000000000000000000000000000000000000,754344843747808276016355258980578318796765527298454892131446754028247339503262944912196463542100000000000000000000000000000000000000000000000000000000000000000000000,1
3592118303560991790554072661812277708556026320468832819673555971563082569063156880534268874010000000000000000000000000000000000000000000000000000000000000000000000,158412417187039737963434604385921446947320760732675527347603818345931941295685218431561257343841000000000000000000000000000000000000000000000000000000000000000000000000,1
754344843747808276016355258980578318796765527298454892131446754028247339503262944912196463542100000000000000000000000000000000000000000000000000000000000000000000000,33266607609278344972321266921043503858937359753861860742996801852645707672093895870627864042206610000000000000000000000000000000000000000000000000000000000000000000000000,1
158412417187039737963434604385921446947320760732675527347603818345931941295685218431561257343841000000000000000000000000000000000000000000000000000000000000000000000000,6985987597948452444187466053419135810376845548310990756029328389055598611139718132831851448863388100000000000000000000000000000000000000000000000000000000000000000000000000,1
33266607609278344972321266921043503858937359753861860742996801852645707672093895870627864042206610000000000000000000000000000000000000000000000000000000000000000000000000,1467057395569175013279367871218018520179137565145308058766158961701675708339340807894688804261311501000000000000000000000000000000000000000000000000000000000000000000000000000,1
6985987597948452444187466053419135810376845548310990756029328389055598611139718132831851448863388100000000000000000000000000000000000000000000000000000000000000000000000000,308082053069526752788667252955783889237618888680514692340893381957351898751261569657884648894875415210000000000000000000000000000000000000000000000000000000000000000000000000000,1
1467057395569175013279367871218018520179137565145308058766158961701675708339340807894688804261311501000000000000000000000000000000000000000000000000000000000000000000000000000,64697231144600618085620123120714616739899966622908085391587610211043898737764929628155776267923837194100000000000000000000000000000000000000000000000000000000000000000000000000000,1
308082053069526752788667252955783889237618888680514692340893381957351898751261569657884648894875415210000000000000000000000000000000000000000000000000000000000000000000000000000,13586418540366129797980225855350069515378992990810697932233398144319218734930635221912713016264005810761000000000000000000000000000000000000000000000000000000000000000000000000000000,1
64697231144600618085620123120714616739899966622908085391587610211043898737764929628155776267923837194100000000000000000000000000000000000000000000000000000000000000000000000000000,2853147893476887257575847429623514598229588528070246565769013610307035934335433396601669733415441220259810000000000000000000000000000000000000000000000000000000000000000000000000000000,1
13586418540366129797980225855350069515378992990810697932233398144319218734930635221912713016264005810761000000000000000000000000000000000000000000000000000000000000000000000000000000,599161057630146324090927960220938065628213590894751778811492858164477546210441013286350644017242656254560100000000000000000000000000000000000000000000000000000000000000000000000000000000,1
2853147893476887257575847429623514598229588528070246565769013610307035934335433396601669733415441220259810000000000000000000000000000000000000000000000000000000000000000000000000000000,125823822102330728059094871646396993781924854087897873550413500214540284704192612790133635243620957813457621000000000000000000000000000000000000000000000000000000000000000000000000000000000,1
599161057630146324090927960220938065628213590894751778811492858164477546210441013286350644017242656254560100000000000000000000000000000000000000000000000000000000000000000000000000000000,26423002641489452892409923045743368694204219358458553445586835045053459787880448685928063401160401140826100410000000000000000000000000000000000000000000000000000000000000000000000000000000000,1
125823822102330728059094871646396993781924854087897873550413500214540284704192612790133635243620957813457621000000000000000000000000000000000000000000000000000000000000000000000000000000000,5548830554712785107406083839606107425782886065276296223573235359461226555454894224044893314243684239573481086100000000000000000000000000000000000000000000000000000000000000000000000000000000000,1
26423002641489452892409923045743368694204219358458553445586835045053459787880448685928063401160401140826100410000000000000000000000000000000000000000000000000000000000000000000000000000000000,1165254416489684872555277606317282559414406073708022206950379425486857576645527787049427595991173690310431028081000000000000000000000000000000000000000000000000000000000000000000000000000000000000,1
5548830554712785107406083839606107425782886065276296223573235359461226555454894224044893314243684239573481086100000000000000000000000000000000000000000000000000000000000000000000000000000000000,244703427462833823236608297326629337477025275478684663459579679352240091095560835280379795158146474965190515897010000000000000000000000000000000000000000000000000000000000000000000000000000000000000,1
1165254416489684872555277606317282559414406073708022206950379425486857576645527787049427595991173690310431028081000000000000000000000000000000000000000000000000000000000000000000000000000000000000,51387719767195102879687742438592160870175307850523779326511732663970419130067775408879756983210759742690008338372100000000000000000000000000000000000000000000000000000000000000000000000000000000000000,1
244703427462833823236608297326629337477025275478684663459579679352240091095560835280379795158146474965190515897010000000000000000000000000000000000000000000000000000000000000000000000000000000000000,10791421151110971604734425912104353782736814648609993658567463859433788017314232835864748966474259545964901751058141000000000000000000000000000000000000000000000000000000000000000000000000000000000000000,1
51387719767195102879687742438592160870175307850523779326511732663970419130067775408879756983210759742690008338372100000000000000000000000000000000000000000000000000000000000000000000000000000000000000,2266198441733304036994229441541914294374731076208098668299167410481095483635988895531597282959594504652629367722209610000000000000000000000000000000000000000000000000000000000000000000000000000000000000000,1
10791421151110971604734425912104353782736814648609993658567463859433788017314232835864748966474259545964901751058141000000000000000000000000000000000000000000000000000000000000000000000000000000000000000,475901672763993847768788182723802001818693526003700720342825156201030051563557668061635429421514845977052167221664018100000000000000000000000000000000000000000000000000000000000000000000000000000000000000000,1
2266198441733304036994229441541914294374731076208098668299167410481095483635988895531597282959594504652629367722209610000000000000000000000000000000000000000000000000000000000000000000000000000000000000000,99939351280438708031445518371998420381925640460777151271993282802216310828347110292943440178518117655180955116549443801000000000000000000000000000000000000000000000000000000000000000000000000000000000000000000,1
475901672763993847768788182723802001818693526003700720342825156201030051563557668061635429421514845977052167221664018100000000000000000000000000000000000000000000000000000000000000000000000000000000000000000,20987263768892128686603558858119668280204384496763201767118589388465425273952893161518122437488804707588000574475383198210000000000000000000000000000000000000000000000000000000000000000000000000000000000000000000,1
99939351280438708031445518371998420381925640460777151271993282802216310828347110292943440178518117655180955116549443801000000000000000000000000000000000000000000000000000000000000000000000000000000000000000000,4407325391467347024186747360205130338842920744320272371094903771577739307530107563918805711872648988593480120639830471624100000000000000000000000000000000000000000000000000000000000000000000000000000000000000000000,1
20987263768892128686603558858119668280204384496763201767118589388465425273952893161518122437488804707588000574475383198210000000000000000000000000000000000000000000000000000000000000000000000000000000000000000000,925538332208142875079216945643077371157013356307257197929929792031325254581322588422949199493256287604630825334364399041061000000000000000000000000000000000000000000000000000000000000000000000000000000000000000000000,1
4407325391467347024186747360205130338842920744320272371094903771577739307530107563918805711872648988593480120639830471624100000000000000000000000000000000000000000000000000000000000000000000000000000000000000000000,194363049763710003766635558585046247942972804824524011565285256326578303462077743568819331893583820396972473320216523798622810000000000000000000000000000000000000000000000000000000000000000000000000000000000000000000000,1
925538332208142875079216945643077371157013356307257197929929792031325254581322588422949199493256287604630825334364399041061000000000000000000000000000000000000000000000000000000000000000000000000000000000000000000000,40816240450379100790993467302859712068024289013150042428709903828581443727036326149452059697652602283364219397245469997710790100000000000000000000000000000000000000000000000000000000000000000000000000000000000000000000000,1
194363049763710003766635558585046247942972804824524011565285256326578303462077743568819331893583820396972473320216523798622810000000000000000000000000000000000000000000000000000000000000000000000000000000000000000000000,8571410494579611166108628133600539534285100692761508910029079804002103182677628491384932536507046479506486073421548699519265921000000000000000000000000000000000000000000000000000000000000000000000000000000000000000000000000,1
40816240450379100790993467302859712068024289013150042428709903828581443727036326149452059697652602283364219397245469997710790100000000000000000000000000000000000000000000000000000000000000000000000000000000000000000000000,1799996203861718344882811908056113302199871145479916871106106758840441668362301983190835832666479760696362075418525226899045843410000000000000000000000000000000000000000000000000000000000000000000000000000000000000000000000000,1
8571410494579611166108628133600539534285100692761508910029079804002103182677628491384932536507046479506486073421548699519265921000000000000000000000000000000000000000000000000000000000000000000000000000000000000000000000000,377999202810960852425390500691783793461972940550782542932282419356492750356083416470075524859960749746236035837890297648799627116100000000000000000000000000000000000000000000000000000000000000000000000000000000000000000000000000,1
1799996203861718344882811908056113302199871145479916871106106758840441668362301983190835832666479760696362075418525226899045843410000000000000000000000000000000000000000000000000000000000000000000000000000000000000000000000000,79379832590301779009332005145274596627014317515664334015779308064863477574777517458715860220591757446709567525956962506247921694381000000000000000000000000000000000000000000000000000000000000000000000000000000000000000000000000000,1
377999202810960852425390500691783793461972940550782542932282419356492750356083416470075524859960749746236035837890297648799627116100000000000000000000000000000000000000000000000000000000000000000000000000000000000000000000000000,16669764843963373591959721080507665291673006678289510143313654693621330290703278666330330646324269063809009180450962126312063555820010000000000000000000000000000000000000000000000000000000000000000000000000000000000000000000000000000,1
79379832590301779009332005145274596627014317515664334015779308064863477574777517458715860220591757446709567525956962506247921694381000000000000000000000000000000000000000000000000000000000000000000000000000000000000000000000000000,3500650617232308454311541426906609711251331402440797130095867485660479361047688519929369435728096503399891927894702046525533346722202100000000000000000000000000000000000000000000000000000000000000000000000000000000000000000000000000000,1
16669764843963373591959721080507665291673006678289510143313654693621330290703278666330330646324269063809009180450962126312063555820010000000000000000000000000000000000000000000000000000000000000000000000000000000000000000000000000000,735136629618784775405423699650388039362779594512567397320132171988700665820014589185167581502900265713977304857887429770362002811662441000000000000000000000000000000000000000000000000000000000000000000000000000000000000000000000000000000,1
3500650617232308454311541426906609711251331402440797130095867485660479361047688519929369435728096503399891927894702046525533346722202100000000000000000000000000000000000000000000000000000000000000000000000000000000000000000000000000000,154378692219944802835138976926581488266183714847639153437227756117627139822203063728885192115609055799935234020156360251776020590449112610000000000000000000000000000000000000000000000000000000000000000000000000000000000000000000000000000000,1
735136629618784775405423699650388039362779594512567397320132171988700665820014589185167581502900265713977304857887429770362002811662441000000000000000000000000000000000000000000000000000000000000000000000000000000000000000000000000000000,32419525366188408595379185154582112535898580118004222221817828784701699362662643383065890344277901717986399144232835652872964323994313648100000000000000000000000000000000000000000000000000000000000000000000000000000000000000000000000000000000,1
154378692219944802835138976926581488266183714847639153437227756117627139822203063728885192115609055799935234020156360251776020590449112610000000000000000000000000000000000000000000000000000000000000000000000000000000000000000000000000000000,6808100326899565805029628882462243632538701824780886666581744044787356866159155110443836972298359360777143820288895487103322508038805866101000000000000000000000000000000000000000000000000000000000000000000000000000000000000000000000000000000000,1
32419525366188408595379185154582112535898580118004222221817828784701699362662643383065890344277901717986399144232835652872964323994313648100000000000000000000000000000000000000000000000000000000000000000000000000000000000000000000000000000000,1429701068648908819056222065317071162833127383203986199982166249405344941893422573193205764182655465763200202260668052291697726688149231881210000000000000000000000000000000000000000000000000000000000000000000000000000000000000000000000000000000000,1
6808100326899565805029628882462243632538701824780886666581744044787356866159155110443836972298359360777143820288895487103322508038805866101000000000000000000000000000000000000000000000000000000000000000000000000000000000000000000000000000000000,300237224416270852001806633716584944194956750472837101996254912375122437797618740370573210478357647810272042474740290981256522604511338695054100000000000000000000000000000000000000000000000000000000000000000000000000000000000000000000000000000000000,1
1429701068648908819056222065317071162833127383203986199982166249405344941893422573193205764182655465763200202260668052291697726688149231881210000000000000000000000000000000000000000000000000000000000000000000000000000000000000000000000000000000000,63049817127416878920379393080482838280940917599295791419213531598775711937499935477820374200455106040157128919695461106063869746947381125961361000000000000000000000000000000000000000000000000000000000000000000000000000000000000000000000000000000000000,1
300237224416270852001806633716584944194956750472837101996254912375122437797618740370573210478357647810272042474740290981256522604511338695054100000000000000000000000000000000000000000000000000000000000000000000000000000000000000000000000000000000000,13240461596757544573279672546901396038997592695852116198034841635742899506874986450342278582095572268432997073136046832273412646858950036451885810000000000000000000000000000000000000000000000000000000000000000000000000000000000000000000000000000000000000,1
63049817127416878920379393080482838280940917599295791419213531598775711937499935477820374200455106040157128919695461106063869746947381125961361000000000000000000000000000000000000000000000000000000000000000000000000000000000000000000000000000000000000,2780496935319084360388731234849293168189494466128944401587316743506008896443747154571878502240070176370929385358569834777416655840379507654896020100000000000000000000000000000000000000000000000000000000000000000000000000000000000000000000000000000000000000,1
13240461596757544573279672546901396038997592695852116198034841635742899506874986450342278582095572268432997073136046832273412646858950036451885810000000000000000000000000000000000000000000000000000000000000000000000000000000000000000000000000000000000000,583904356417007715681633559318351565319793837887078324333336516136261868253186902460094485470414737037895170925299665303257497726479696607528164221000000000000000000000000000000000000000000000000000000000000000000000000000000000000000000000000000000000000000,1
2780496935319084360388731234849293168189494466128944401587316743506008896443747154571878502240070176370929385358569834777416655840379507654896020100000000000000000000000000000000000000000000000000000000000000000000000000000000000000000000000000000000000000,122619914847571620293143047456853828717156705956286448110000668388614992333169249516619841948787094777957985894312929713684074522560736287580914486410000000000000000000000000000000000000000000000000000000000000000000000000000000000000000000000000000000000000000,1
583904356417007715681633559318351565319793837887078324333336516136261868253186902460094485470414737037895170925299665303257497726479696607528164221000000000000000000000000000000000000000000000000000000000000000000000000000000000000000000000000000000000000000,25750182117990040261560039965939304030602908250820154103100140361609148389965542398490166809245289903371177037805715239873655649737754620391992042146100000000000000000000000000000000000000000000000000000000000000000000000000000000000000000000000000000000000000000,1
122619914847571620293143047456853828717156705956286448110000668388614992333169249516619841948787094777957985894312929713684074522560736287580914486410000000000000000000000000000000000000000000000000000000000000000000000000000000000000000000000000000000000000000,5407538244777908454927608392847253846426610732672232361651029475937921161892763903682935029941510879707947177939200200373467686444928470282318328850681000000000000000000000000000000000000000000000000000000000000000000000000000000000000000000000000000000000000000000,1
25750182117990040261560039965939304030602908250820154103100140361609148389965542398490166809245289903371177037805715239873655649737754620391992042146100000000000000000000000000000000000000000000000000000000000000000000000000000000000000000000000000000000000000000,1135583031403360775534797762497923307749588253861168795946716189946963443997480419773416356287717284738668907367232042078428214153434978759286849058643010000000000000000000000000000000000000000000000000000000000000000000000000000000000000000000000000000000000000000000,1
5407538244777908454927608392847253846426610732672232361651029475937921161892763903682935029941510879707947177939200200373467686444928470282318328850681000000000000000000000000000000000000000000000000000000000000000000000000000000000000000000000000000000000000000000,238472436594705762862307530124563894627413533310845447148810399888862323239470888152417434820420629795120470547118728836469924972221345539450238302315032100000000000000000000000000000000000000000000000000000000000000000000000000000000000000000000000000000000000000000000,1
1135583031403360775534797762497923307749588253861168795946716189946963443997480419773416356287717284738668907367232042078428214153434978759286849058643010000000000000000000000000000000000000000000000000000000000000000000000000000000000000000000000000000000000000000000,50079211684888210201084581326158417871756841995277543901250183976661087880288886512007661312288332256975298814894933055658684244166482563284550043486156741000000000000000000000000000000000000000000000000000000000000000000000000000000000000000000000000000000000000000000000,1
238472436594705762862307530124563894627413533310845447148810399888862323239470888152417434820420629795120470547118728836469924972221345539450238302315032100000000000000000000000000000000000000000000000000000000000000000000000000000000000000000000000000000000000000000000,10516634453826524142227762078493267753068936819008284219262538635098828454860666167521608875580549773964812751127935941688323691274961338289755509132092915610000000000000000000000000000000000000000000000000000000000000000000000000000000000000000000000000000000000000000000000,1
50079211684888210201084581326158417871756841995277543901250183976661087880288886512007661312288332256975298814894933055658684244166482563284550043486156741000000000000000000000000000000000000000000000000000000000000000000000000000000000000000000000000000000000000000000000,2208493235303570069867830036483586228144476731991739686045133113370753975520739895179537863871915452532610677736866547754547975167741881040848656917739512278100000000000000000000000000000000000000000000000000000000000000000000000000000000000000000000000000000000000000000000000,1
10516634453826524142227762078493267753068936819008284219262538635098828454860666167521608875580549773964812751127935941688323691274961338289755509132092915610000000000000000000000000000000000000000000000000000000000000000000000000000000000000000000000000000000000000000000000,463783579413749714672244307661553107910340113718265334069477953807858334859355377987702951413102245031848242324741975028455074785225795018578217952725297578401000000000000000000000000000000000000000000000000000000000000000000000000000000000000000000000000000000000000000000000000,1
2208493235303570069867830036483586228144476731991739686045133113370753975520739895179537863871915452532610677736866547754547975167741881040848656917739512278100000000000000000000000000000000000000000000000000000000000000000000000000000000000000000000000000000000000000000000000,97394551676887440081171304608926152661171423880835720154590370299650250320464629377417619796751471456688130888195814755975565704897416953901425770072312491464210000000000000000000000000000000000000000000000000000000000000000000000000000000000000000000000000000000000000000000000000,1
463783579413749714672244307661553107910340113718265334069477953807858334859355377987702951413102245031848242324741975028455074785225795018578217952725297578401000000000000000000000000000000000000000000000000000000000000000000000000000000000000000000000000000000000000000000000000,20452855852146362417045973967874492058845999014975501232463977762926552567297572169257700157317809005904507486521121098754868798028457560319299411715185623207484100000000000000000000000000000000000000000000000000000000000000000000000000000000000000000000000000000000000000000000000000,1
97394551676887440081171304608926152661171423880835720154590370299650250320464629377417619796751471456688130888195814755975565704897416953901425770072312491464210000000000000000000000000000000000000000000000000000000000000000000000000000000000000000000000000000000000000000000000000,4295099728950736107579654533253643332357659793144855258817435330214576039132490155544117033036739891239946572169435430738522447585976087667052876460188980873571661000000000000000000000000000000000000000000000000000000000000000000000000000000000000000000000000000000000000000000000000000,1
20452855852146362417045973967874492058845999014975501232463977762926552567297572169257700157317809005904507486521121098754868798028457560319299411715185623207484100000000000000000000000000000000000000000000000000000000000000000000000000000000000000000000000000000000000000000000000000,901970943079654582591727451983265099795108556560419604351661419345060968217822932664264576937715377160388780155581440455089713993054978410081104056639685983450048810000000000000000000000000000000000000000000000000000000000000000000000000000000000000000000000000000000000000000000000000000,1
4295099728950736107579654533253643332357659793144855258817435330214576039132490155544117033036739891239946572169435430738522447585976087667052876460188980873571661000000000000000000000000000000000000000000000000000000000000000000000000000000000000000000000000000000000000000000000000000,189413898046727462344262764916485670956972796877688116913848898062462803325742815859495561156920229203681643832672102495568839938541545466117031851894334056524510250100000000000000000000000000000000000000000000000000000000000000000000000000000000000000000000000000000000000000000000000000000,1
901970943079654582591727451983265099795108556560419604351661419345060968217822932664264576937715377160388780155581440455089713993054978410081104056639685983450048810000000000000000000000000000000000000000000000000000000000000000000000000000000000000000000000000000000000000000000000000000,39776918589812767092295180632461990900964287344314504551908268593117188698405991330494067842953248132773145204861141524069456387093724547884576688897810151870147152521000000000000000000000000000000000000000000000000000000000000000000000000000000000000000000000000000000000000000000000000000000,1
189413898046727462344262764916485670956972796877688116913848898062462803325742815859495561156920229203681643832672102495568839938541545466117031851894334056524510250100000000000000000000000000000000000000000000000000000000000000000000000000000000000000000000000000000000000000000000000000000,8353152903860681089381987932817018089202500342306045955900736404554609626665258179403754247020182107882360493020839720054585841289682155055761104668540131892730902029410000000000000000000000000000000000000000000000000000000000000000000000000000000000000000000000000000000000000000000000000000000,1
39776918589812767092295180632461990900964287344314504551908268593117188698405991330494067842953248132773145204861141524069456387093724547884576688897810151870147152521000000000000000000000000000000000000000000000000000000000000000000000000000000000000000000000000000000000000000000000000000000,1754162109810743028770217465891573798732525071884269650739154644956468021599704217674788391874238242655295703534376341211463026670833252561709831980393427697473489426176100000000000000000000000000000000000000000000000000000000000000000000000000000000000000000000000000000000000000000000000000000000,1
8353152903860681089381987932817018089202500342306045955900736404554609626665258179403754247020182107882360493020839720054585841289682155055761104668540131892730902029410000000000000000000000000000000000000000000000000000000000000000000000000000000000000000000000000000000000000000000000000000000,368374043060256036041745667837230497733830265095696626655222475440858284535937885711705562293590030957612097742219031654407235600874983037959064715882619816469432779496981000000000000000000000000000000000000000000000000000000000000000000000000000000000000000000000000000000000000000000000000000000000,1
1754162109810743028770217465891573798732525071884269650739154644956468021599704217674788391874238242655295703534376341211463026670833252561709831980393427697473489426176100000000000000000000000000000000000000000000000000000000000000000000000000000000000000000000000000000000000000000000000000000000,77358549042653767568766590245818404524104355670096291597596719842580239752546955999458168081653906501098540525865996647425519476183746437971403590335350161458580883694366010000000000000000000000000000000000000000000000000000000000000000000000000000000000000000000000000000000000000000000000000000000000,1
368374043060256036041745667837230497733830265095696626655222475440858284535937885711705562293590030957612097742219031654407235600874983037959064715882619816469432779496981000000000000000000000000000000000000000000000000000000000000000000000000000000000000000000000000000000000000000000000000000000000,16245295298957291189440983951621864950061914690720221235495311166941850348034860759886215297147320365230693510431859295959359089998586751973994753970423533906301985575816862100000000000000000000000000000000000000000000000000000000000000000000000000000000000000000000000000000000000000000000000000000000000,1
77358549042653767568766590245818404524104355670096291597596719842580239752546955999458168081653906501098540525865996647425519476183746437971403590335350161458580883694366010000000000000000000000000000000000000000000000000000000000000000000000000000000000000000000000000000000000000000000000000000000000,3411512012781031149782606629840591639513002085051246459454015345057788573087320759576105212400937276698445637190690452151465408899703217914538898333788942120323416970921541041000000000000000000000000000000000000000000000000000000000000000000000000000000000000000000000000000000000000000000000000000000000000,1
16245295298957291189440983951621864950061914690720221235495311166941850348034860759886215297147320365230693510431859295959359089998586751973994753970423533906301985575816862100000000000000000000000000000000000000000000000000000000000000000000000000000000000000000000000000000000000000000000000000000000000,716417522684016541454347392266524244297730437860761756485343222462135600348337359510982094604196828106673583810044994951807735868937675762053168650095677845267917563893523618610000000000000000000000000000000000000000000000000000000000000000000000000000000000000000000000000000000000000000000000000000000000000,1
3411512012781031149782606629840591639513002085051246459454015345057788573087320759576105212400937276698445637190690452151465408899703217914538898333788942120323416970921541041000000000000000000000000000000000000000000000000000000000000000000000000000000000000000000000000000000000000000000000000000000000000,150447679763643473705412952375970091302523391950759968861922076717048476073150845497306239866881333902401452600109448939879624532476911910031165416520092347506262688417639959908100000000000000000000000000000000000000000000000000000000000000000000000000000000000000000000000000000000000000000000000000000000000000,1
716417522684016541454347392266524244297730437860761756485343222462135600348337359510982094604196828106673583810044994951807735868937675762053168650095677845267917563893523618610000000000000000000000000000000000000000000000000000000000000000000000000000000000000000000000000000000000000000000000000000000000000,31594012750365129478136719998953719173529912309659593461003636110580179975361677554434310372045080119504305046022984277374721151820151501106544737469219392976315164567704391580701000000000000000000000000000000000000000000000000000000000000000000000000000000000000000000000000000000000000000000000000000000000000000,1
150447679763643473705412952375970091302523391950759968861922076717048476073150845497306239866881333902401452600109448939879624532476911910031165416520092347506262688417639959908100000000000000000000000000000000000000000000000000000000000000000000000000000000000000000000000000000000000000000000000000000000000000,6634742677576677190408711199780281026441281585028514626810763583221837794825952286431205178129466825095904059664826698248691441882231815232374394868536072525026184559217922231947210000000000000000000000000000000000000000000000000000000000000000000000000000000000000000000000000000000000000000000000000000000000000000,1
31594012750365129478136719998953719173529912309659593461003636110580179975361677554434310372045080119504305046022984277374721151820151501106544737469219392976315164567704391580701000000000000000000000000000000000000000000000000000000000000000000000000000000000000000000000000000000000000000000000000000000000000000,1393295962291102209985829351953859015552669132855988071630260352476585936913449980150553087407188033270139852529613606632225202795268681198798622922392575230255498757435763668708914100000000000000000000000000000000000000000000000000000000000000000000000000000000000000000000000000000000000000000000000000000000000000000,1
6634742677576677190408711199780281026441281585028514626810763583221837794825952286431205178129466825095904059664826698248691441882231815232374394868536072525026184559217922231947210000000000000000000000000000000000000000000000000000000000000000000000000000000000000000000000000000000000000000000000000000000000000000,292592152081131464097024163910310393266060517899757495042354674020083046751824495831616148355509486986729369031218857392767292587006423051747710813702440798353654739061510370428871961000000000000000000000000000000000000000000000000000000000000000000000000000000000000000000000000000000000000000000000000000000000000000000,1
1393295962291102209985829351953859015552669132855988071630260352476585936913449980150553087407188033270139852529613606632225202795268681198798622922392575230255498757435763668708914100000000000000000000000000000000000000000000000000000000000000000000000000000000000000000000000000000000000000000000000000000000000000000,61444351937037607460375074421165182585872708758949073958894481544217439817883144124639391154656992267213167496555960052481131443271348840867019270877512567654267495202917177790063111810000000000000000000000000000000000000000000000000000000000000000000000000000000000000000000000000000000000000000000000000000000000000000000,1
292592152081131464097024163910310393266060517899757495042354674020083046751824495831616148355509486986729369031218857392767292587006423051747710813702440798353654739061510370428871961000000000000000000000000000000000000000000000000000000000000000000000000000000000000000000000000000000000000000000000000000000000000000000,12903313906777897566678765628444688343033268839379305531367841124285662361755460266174272142477968376114765174276751611021037603086983256582074046884277639207396173992612607335913253480100000000000000000000000000000000000000000000000000000000000000000000000000000000000000000000000000000000000000000000000000000000000000000000,1
61444351937037607460375074421165182585872708758949073958894481544217439817883144124639391154656992267213167496555960052481131443271348840867019270877512567654267495202917177790063111810000000000000000000000000000000000000000000000000000000000000000000000000000000000000000000000000000000000000000000000000000000000000000000,2709695920423358489002540781973384552036986456269654161587246636099989095968646655896597149920373358984100686598117838314417896648266483882235549845698304233553196538448647540541783230821000000000000000000000000000000000000000000000000000000000000000000000000000000000000000000000000000000000000000000000000000000000000000000000,1
12903313906777897566678765628444688343033268839379305531367841124285662361755460266174272142477968376114765174276751611021037603086983256582074046884277639207396173992612607335913253480100000000000000000000000000000000000000000000000000000000000000000000000000000000000000000000000000000000000000000000000000000000000000000000,569036143288905282690533564214410755927767155816627373933321793580997710153415797738285401483278405386661144185604746046027758296135961615269465467596643889046171273074215983513774478472410000000000000000000000000000000000000000000000000000000000000000000000000000000000000000000000000000000000000000000000000000000000000000000000,1
2709695920423358489002540781973384552036986456269654161587246636099989095968646655896597149920373358984100686598117838314417896648266483882235549845698304233553196538448647540541783230821000000000000000000000000000000000000000000000000000000000000000000000000000000000000000000000000000000000000000000000000000000000000000000000,119497590090670109365012048485026258744831102721491748525997576652009519132217317525039934311488465131198840278976996669665829242188551939206587748195295216699695967345585356537892640479206100000000000000000000000000000000000000000000000000000000000000000000000000000000000000000000000000000000000000000000000000000000000000000000000,1
569036143288905282690533564214410755927767155816627373933321793580997710153415797738285401483278405386661144185604746046027758296135961615269465467596643889046171273074215983513774478472410000000000000000000000000000000000000000000000000000000000000000000000000000000000000000000000000000000000000000000000000000000000000000000000,25094493919040722966652530181855514336414531571513267190459491096921999017765636680258386205412577677551756458585169300629824140859595907233383427121011995506936153142572924872957454500633281000000000000000000000000000000000000000000000000000000000000000000000000000000000000000000000000000000000000000000000000000000000000000000000000,1
119497590090670109365012048485026258744831102721491748525997576652009519132217317525039934311488465131198840278976996669665829242188551939206587748195295216699695967345585356537892640479206100000000000000000000000000000000000000000000000000000000000000000000000000000000000000000000000000000000000000000000000000000000000000000000000,5269843722998551822997031338189658010647051630017786109996493130353619793730783702854261103136641312285868856302885553132263069580515140519010519695412519056456592159940314223321065445132989010000000000000000000000000000000000000000000000000000000000000000000000000000000000000000000000000000000000000000000000000000000000000000000000000,1
25094493919040722966652530181855514336414531571513267190459491096921999017765636680258386205412577677551756458585169300629824140859595907233383427121011995506936153142572924872957454500633281000000000000000000000000000000000000000000000000000000000000000000000000000000000000000000000000000000000000000000000000000000000000000000000000,1106667181829695882829376581019828182235880842303735083099263557374260156683464577599394831658694675580032459823605966157775244611908179508992209136036629001855884353587465986897423743477927692100000000000000000000000000000000000000000000000000000000000000000000000000000000000000000000000000000000000000000000000000000000000000000000000000,1
5269843722998551822997031338189658010647051630017786109996493130353619793730783702854261103136641312285868856302885553132263069580515140519010519695412519056456592159940314223321065445132989010000000000000000000000000000000000000000000000000000000000000000000000000000000000000000000000000000000000000000000000000000000000000000000000000,232400108184236135394169082014163918269534976883784367450845347048594632903527561295872914648325881871806816562957252893132801368500717696888363918567692090389735714253367857248458986130364815341000000000000000000000000000000000000000000000000000000000000000000000000000000000000000000000000000000000000000000000000000000000000000000000000000,1
1106667181829695882829376581019828182235880842303735083099263557374260156683464577599394831658694675580032459823605966157775244611908179508992209136036629001855884353587465986897423743477927692100000000000000000000000000000000000000000000000000000000000000000000000000000000000000000000000000000000000000000000000000000000000000000000000000,48804022718689588432775507222974422836602345145594717164677522880204872909740787872133312076148435193079431478221023107557888287385150716346556422899215338981844499993207250022176387087376611221610000000000000000000000000000000000000000000000000000000000000000000000000000000000000000000000000000000000000000000000000000000000000000000000000000,1
232400108184236135394169082014163918269534976883784367450845347048594632903527561295872914648325881871806816562957252893132801368500717696888363918567692090389735714253367857248458986130364815341000000000000000000000000000000000000000000000000000000000000000000000000000000000000000000000000000000000000000000000000000000000000000000000000000,10248844770924813570882856516824628795686492480574890604582279804843023311045565453147995535991171390546680610426414852587156540350881650432776848808835221186187344998573522504657041288349088356538100000000000000000000000000000000000000000000000000000000000000000000000000000000000000000000000000000000000000000000000000000000000000000000000000000,1
48804022718689588432775507222974422836602345145594717164677522880204872909740787872133312076148435193079431478221023107557888287385150716346556422899215338981844499993207250022176387087376611221610000000000000000000000000000000000000000000000000000000000000000000000000000000000000000000000000000000000000000000000000000000000000000000000000000,2152257401894210849885399868533172047094163420920727026962278759017034895319568745161079062558145992014802928189547119043302873473685146590883138249855396449099342449700439725977978670553308554873001000000000000000000000000000000000000000000000000000000000000000000000000000000000000000000000000000000000000000000000000000000000000000000000000000000,1
10248844770924813570882856516824628795686492480574890604582279804843023311045565453147995535991171390546680610426414852587156540350881650432776848808835221186187344998573522504657041288349088356538100000000000000000000000000000000000000000000000000000000000000000000000000000000000000000000000000000000000000000000000000000000000000000000000000000,451974054397784278475933972391966129889774318393352675662078539393577328017109436483826603137210658323108614919804894999093603429473880784085459032469633254310861914437092342455375520816194796523330210000000000000000000000000000000000000000000000000000000000000000000000000000000000000000000000000000000000000000000000000000000000000000000000000000000,1
2152257401894210849885399868533172047094163420920727026962278759017034895319568745161079062558145992014802928189547119043302873473685146590883138249855396449099342449700439725977978670553308554873001000000000000000000000000000000000000000000000000000000000000000000000000000000000000000000000000000000000000000000000000000000000000000000000000000000,94914551423534698479946134202312887276852606862604061889036493272651238883592981661603586658814238247852809133159027949809656720189514964657946396818622983405281002031789391915628859371400907269899344100000000000000000000000000000000000000000000000000000000000000000000000000000000000000000000000000000000000000000000000000000000000000000000000000000000,1
451974054397784278475933972391966129889774318393352675662078539393577328017109436483826603137210658323108614919804894999093603429473880784085459032469633254310861914437092342455375520816194796523330210000000000000000000000000000000000000000000000000000000000000000000000000000000000000000000000000000000000000000000000000000000000000000000000000000000,19932055798942286680788688182485706328139047441146852996697663587256760165554526148936753198350990032049089917963395869460027911239798142578168743331910826515109010426675772302282060467994190526678862261000000000000000000000000000000000000000000000000000000000000000000000000000000000000000000000000000000000000000000000000000000000000000000000000000000000,1
94914551423534698479946134202312887276852606862604061889036493272651238883592981661603586658814238247852809133159027949809656720189514964657946396818622983405281002031789391915628859371400907269899344100000000000000000000000000000000000000000000000000000000000000000000000000000000000000000000000000000000000000000000000000000000000000000000000000000000,4185731717777880202965624518321998328909199962640839129306509353323919634766450491276718171653707906730308882772313132586605861360357609941415436099701273568172892189601912183479232698278780010602561074810000000000000000000000000000000000000000000000000000000000000000000000000000000000000000000000000000000000000000000000000000000000000000000000000000000000,1
19932055798942286680788688182485706328139047441146852996697663587256760165554526148936753198350990032049089917963395869460027911239798142578168743331910826515109010426675772302282060467994190526678862261000000000000000000000000000000000000000000000000000000000000000000000000000000000000000000000000000000000000000000000000000000000000000000000000000000000,879003660733354842622781148847619649070931992154576217154366964198023123300954603168110816047278660413364865382185757843187230885675098087697241580937267449316307359816401558530638866638543802226537825710100000000000000000000000000000000000000000000000000000000000000000000000000000000000000000000000000000000000000000000000000000000000000000000000000000000000,1
4185731717777880202965624518321998328909199962640839129306509353323919634766450491276718171653707906730308882772313132586605861360357609941415436099701273568172892189601912183479232698278780010602561074810000000000000000000000000000000000000000000000000000000000000000000000000000000000000000000000000000000000000000000000000000000000000000000000000000000000,184590768754004516950784041258000126304895718352461005602417062481584855893200466665303271369928518686806621730259009147069318485991770598416420731996826164356424545561444327291434161994094198467572943399121000000000000000000000000000000000000000000000000000000000000000000000000000000000000000000000000000000000000000000000000000000000000000000000000000000000000,1
879003660733354842622781148847619649070931992154576217154366964198023123300954603168110816047278660413364865382185757843187230885675098087697241580937267449316307359816401558530638866638543802226537825710100000000000000000000000000000000000000000000000000000000000000000000000000000000000000000000000000000000000000000000000000000000000000000000000000000000000,38764061438340948559664648664180026524028100854016811176507583121132819737572097999713686987684988924229390563354391920884556882058271825667448353719333494514849154567903308731201174018759781678190318113815410000000000000000000000000000000000000000000000000000000000000000000000000000000000000000000000000000000000000000000000000000000000000000000000000000000000000,1
184590768754004516950784041258000126304895718352461005602417062481584855893200466665303271369928518686806621730259009147069318485991770598416420731996826164356424545561444327291434161994094198467572943399121000000000000000000000000000000000000000000000000000000000000000000000000000000000000000000000000000000000000000000000000000000000000000000000000000000000000,8140452902051599197529576219477805570045901179343530347066592455437892144890140579939874267413847674088172018304422303385756945232237083390164154281060033848118322459259694833552246543939554152419966803901236100000000000000000000000000000000000000000000000000000000000000000000000000000000000000000000000000000000000000000000000000000000000000000000000000000000000000,1
38764061438340948559664648664180026524028100854016811176507583121132819737572097999713686987684988924229390563354391920884556882058271825667448353719333494514849154567903308731201174018759781678190318113815410000000000000000000000000000000000000000000000000000000000000000000000000000000000000000000000000000000000000000000000000000000000000000000000000000000000000,1709495109430835831481211006090339169709639247662141372883984415641957350426929521787373596156908011558516123843928683711008958498769787511934472399022607108104847716444535915045971774227306372008193028819259581000000000000000000000000000000000000000000000000000000000000000000000000000000000000000000000000000000000000000000000000000000000000000000000000000000000000000,1
8140452902051599197529576219477805570045901179343530347066592455437892144890140579939874267413847674088172018304422303385756945232237083390164154281060033848118322459259694833552246543939554152419966803901236100000000000000000000000000000000000000000000000000000000000000000000000000000000000000000000000000000000000000000000000000000000000000000000000000000000000000,358993972980475524611054311278971225639024242009049688305636727284811043589655199575348455192950682427288386007225023579311881284741655377506239203794747492702018020453352542159654072587734338121720536052044512010000000000000000000000000000000000000000000000000000000000000000000000000000000000000000000000000000000000000000000000000000000000000000000000000000000000000000,1
1709495109430835831481211006090339169709639247662141372883984415641957350426929521787373596156908011558516123843928683711008958498769787511934472399022607108104847716444535915045971774227306372008193028819259581000000000000000000000000000000000000000000000000000000000000000000000000000000000000000000000000000000000000000000000000000000000000000000000000000000000000000,75388734325899860168321405368583957384195090821900434544183712729810319153827591910823175590519643309730561061517254951655495069795747629276310232796896973467423784295204033853527355243424211005561312570929347522100000000000000000000000000000000000000000000000000000000000000000000000000000000000000000000000000000000000000000000000000000000000000000000000000000000000000000,1
358993972980475524611054311278971225639024242009049688305636727284811043589655199575348455192950682427288386007225023579311881284741655377506239203794747492702018020453352542159654072587734338121720536052044512010000000000000000000000000000000000000000000000000000000000000000000000000000000000000000000000000000000000000000000000000000000000000000000000000000000000000000,15831634208438970635347495127402631050680969072599091254278579673260167022303794301272866874009125095043417822918623539847653964657107002148025148887348364428158994701992847109240744601119084311167875639895162979641000000000000000000000000000000000000000000000000000000000000000000000000000000000000000000000000000000000000000000000000000000000000000000000000000000000000000000,1
75388734325899860168321405368583957384195090821900434544183712729810319153827591910823175590519643309730561061517254951655495069795747629276310232796896973467423784295204033853527355243424211005561312570929347522100000000000000000000000000000000000000000000000000000000000000000000000000000000000000000000000000000000000000000000000000000000000000000000000000000000000000000,3324643183772183833422973976754552520643003505245809163398501731384635074683796803267302043541916269959117742812910943368007332577992470451085281266343156529913388887418497892940556366235007705345253884377984225724610000000000000000000000000000000000000000000000000000000000000000000000000000000000000000000000000000000000000000000000000000000000000000000000000000000000000000000,1
15831634208438970635347495127402631050680969072599091254278579673260167022303794301272866874009125095043417822918623539847653964657107002148025148887348364428158994701992847109240744601119084311167875639895162979641000000000000000000000000000000000000000000000000000000000000000000000000000000000000000000000000000000000000000000000000000000000000000000000000000000000000000000,698175068592158605018824535118456029335030736101619924313685363590773365683597328686133429143802416691414725990711298107281539841378418794727909065932062871281811666357884557517516836909351618122503315719376687402168100000000000000000000000000000000000000000000000000000000000000000000000000000000000000000000000000000000000000000000000000000000000000000000000000000000000000000000,1
3324643183772183833422973976754552520643003505245809163398501731384635074683796803267302043541916269959117742812910943368007332577992470451085281266343156529913388887418497892940556366235007705345253884377984225724610000000000000000000000000000000000000000000000000000000000000000000000000000000000000000000000000000000000000000000000000000000000000000000000000000000000000000000,146616764404353307053953152374875766160356454581340184105873926354062406793555439024088020120198507505197092458049372602529123366689467946892860903845733202969180449935155757078678535750963839805725696301069104354455301000000000000000000000000000000000000000000000000000000000000000000000000000000000000000000000000000000000000000000000000000000000000000000000000000000000000000000000,1
698175068592158605018824535118456029335030736101619924313685363590773365683597328686133429143802416691414725990711298107281539841378418794727909065932062871281811666357884557517516836909351618122503315719376687402168100000000000000000000000000000000000000000000000000000000000000000000000000000000000000000000000000000000000000000000000000000000000000000000000000000000000000000000,30789520524914194481330161998723910893674855462081438662233524534353105426646642195058484225241686576091389416190368246531115907004788268847500789807603972623527894486382708986522492507702406359202396223224511914435613210000000000000000000000000000000000000000000000000000000000000000000000000000000000000000000000000000000000000000000000000000000000000000000000000000000000000000000000,1
146616764404353307053953152374875766160356454581340184105873926354062406793555439024088020120198507505197092458049372602529123366689467946892860903845733202969180449935155757078678535750963839805725696301069104354455301000000000000000000000000000000000000000000000000000000000000000000000000000000000000000000000000000000000000000000000000000000000000000000000000000000000000000000000,6465799310231980841079334019732021287671719647037102119069040152214152139595794860962281687300754180979191777399977331771534340471005536457975165859596834250940857842140368887169723426617505335432503206877147502031478774100000000000000000000000000000000000000000000000000000000000000000000000000000000000000000000000000000000000000000000000000000000000000000000000000000000000000000000000,1
30789520524914194481330161998723910893674855462081438662233524534353105426646642195058484225241686576091389416190368246531115907004788268847500789807603972623527894486382708986522492507702406359202396223224511914435613210000000000000000000000000000000000000000000000000000000000000000000000000000000000000000000000000000000000000000000000000000000000000000000000000000000000000000000000,1357817855148715976626660144143724470411061125877791445004498431964971949315116920802079154333158378005630273253995239672022211498911162656174784830515335192697580146849477466305641919589676120440825673444200975426610542561000000000000000000000000000000000000000000000000000000000000000000000000000000000000000000000000000000000000000000000000000000000000000000000000000000000000000000000000,1
6465799310231980841079334019732021287671719647037102119069040152214152139595794860962281687300754180979191777399977331771534340471005536457975165859596834250940857842140368887169723426617505335432503206877147502031478774100000000000000000000000000000000000000000000000000000000000000000000000000000000000000000000000000000000000000000000000000000000000000000000000000000000000000000000000,285141749581230355091598630270182138786322836434336203450944670712644109356174553368436622409963259381182357383339000331124664414771344157796704814408220390466491830838390267924184803113831985292573391423282204839588213937810000000000000000000000000000000000000000000000000000000000000000000000000000000000000000000000000000000000000000000000000000000000000000000000000000000000000000000000000,1
1357817855148715976626660144143724470411061125877791445004498431964971949315116920802079154333158378005630273253995239672022211498911162656174784830515335192697580146849477466305641919589676120440825673444200975426610542561000000000000000000000000000000000000000000000000000000000000000000000000000000000000000000000000000000000000000000000000000000000000000000000000000000000000000000000000,59879767412058374569235712356738249145127795651210602724698380849655262964796656207371690706092284470048295050501190069536179527101982273137308011025726281997963284476061956264078808653904716911440412198889263016313524926940100000000000000000000000000000000000000000000000000000000000000000000000000000000000000000000000000000000000000000000000000000000000000000000000000000000000000000000000000,1
285141749581230355091598630270182138786322836434336203450944670712644109356174553368436622409963259381182357383339000331124664414771344157796704814408220390466491830838390267924184803113831985292573391423282204839588213937810000000000000000000000000000000000000000000000000000000000000000000000000000000000000000000000000000000000000000000000000000000000000000000000000000000000000000000000000,12574751156532258659539499594915032320476837086754226572186659978427605222607297803548055048279379738710141960605249914602597700691416277358834682315402519219572289739973010815456549817319990551402486561766745233425840234657421000000000000000000000000000000000000000000000000000000000000000000000000000000000000000000000000000000000000000000000000000000000000000000000000000000000000000000000000000,1
59879767412058374569235712356738249145127795651210602724698380849655262964796656207371690706092284470048295050501190069536179527101982273137308011025726281997963284476061956264078808653904716911440412198889263016313524926940100000000000000000000000000000000000000000000000000000000000000000000000000000000000000000000000000000000000000000000000000000000000000000000000000000000000000000000000000,2640697742871774318503294914932156787300135788218387580159198595469797096747532538745091560138669745129129811727102482066545517145197418245355283286234529036110180845394332271245875461637198015794522177971016499019426449278058410000000000000000000000000000000000000000000000000000000000000000000000000000000000000000000000000000000000000000000000000000000000000000000000000000000000000000000000000000,1
12574751156532258659539499594915032320476837086754226572186659978427605222607297803548055048279379738710141960605249914602597700691416277358834682315402519219572289739973010815456549817319990551402486561766745233425840234657421000000000000000000000000000000000000000000000000000000000000000000000000000000000000000000000000000000000000000000000000000000000000000000000000000000000000000000000000000,554546526003072606885691932135752925333028515525861391833431705048657390316981833136469227629120646477117260462691521233974558600491457831524609490109251097583137977532809776961633846943811583316849657373913464794079554348392266100000000000000000000000000000000000000000000000000000000000000000000000000000000000000000000000000000000000000000000000000000000000000000000000000000000000000000000000000000,1
2640697742871774318503294914932156787300135788218387580159198595469797096747532538745091560138669745129129811727102482066545517145197418245355283286234529036110180845394332271245875461637198015794522177971016499019426449278058410000000000000000000000000000000000000000000000000000000000000000000000000000000000000000000000000000000000000000000000000000000000000000000000000000000000000000000000000000,116454770460645247445995305748508114319935988260430892285020658060218051966566184958658537802115335760194624697165219459134657306103206144620167992922942730492458975281890053161943107858200432496538428048521827606756706413162375881000000000000000000000000000000000000000000000000000000000000000000000000000000000000000000000000000000000000000000000000000000000000000000000000000000000000000000000000000000,1
554546526003072606885691932135752925333028515525861391833431705048657390316981833136469227629120646477117260462691521233974558600491457831524609490109251097583137977532809776961633846943811583316849657373913464794079554348392266100000000000000000000000000000000000000000000000000000000000000000000000000000000000000000000000000000000000000000000000000000000000000000000000000000000000000000000000000000,24455501796735501963659014207186704007186557534690487379854338192645790912978898841318292938444220509640871186404696086418278034281673290370235278513817973403416384809196911164008052650222090824273069890189583797418908346764098935010000000000000000000000000000000000000000000000000000000000000000000000000000000000000000000000000000000000000000000000000000000000000000000000000000000000000000000000000000000,1
116454770460645247445995305748508114319935988260430892285020658060218051966566184958658537802115335760194624697165219459134657306103206144620167992922942730492458975281890053161943107858200432496538428048521827606756706413162375881000000000000000000000000000000000000000000000000000000000000000000000000000000000000000000000000000000000000000000000000000000000000000000000000000000000000000000000000000000,5135655377314455412368392983509207841509177082285002349769411020455616091725568756676841517073286307024582949144986178147838387199151390977749408487901774414717440809931351344441691056546639073097344676939812597457970752820460776352100000000000000000000000000000000000000000000000000000000000000000000000000000000000000000000000000000000000000000000000000000000000000000000000000000000000000000000000000000000,1
24455501796735501963659014207186704007186557534690487379854338192645790912978898841318292938444220509640871186404696086418278034281673290370235278513817973403416384809196911164008052650222090824273069890189583797418908346764098935010000000000000000000000000000000000000000000000000000000000000000000000000000000000000000000000000000000000000000000000000000000000000000000000000000000000000000000000000000000,1078487629236035636597362526536933646716927187279850493451576314295679379262369438902136718585390124475162419320447097411046061311821792105327375782459372627090662570085583782332755121874794205350442382157360645466173858092296763033941000000000000000000000000000000000000000000000000000000000000000000000000000000000000000000000000000000000000000000000000000000000000000000000000000000000000000000000000000000000,1
5135655377314455412368392983509207841509177082285002349769411020455616091725568756676841517073286307024582949144986178147838387199151390977749408487901774414717440809931351344441691056546639073097344676939812597457970752820460776352100000000000000000000000000000000000000000000000000000000000000000000000000000000000000000000000000000000000000000000000000000000000000000000000000000000000000000000000000000000,226482402139567483685446130572756065810554709328768603624831026002092669645097582169448710902931926139784108057293890456319672875482576342118748914316468251689039139717972594289878575593706783123592900253045735547896510199382320237127610000000000000000000000000000000000000000000000000000000000000000000000000000000000000000000000000000000000000000000000000000000000000000000000000000000000000000000000000000000000,1
1078487629236035636597362526536933646716927187279850493451576314295679379262369438902136718585390124475162419320447097411046061311821792105327375782459372627090662570085583782332755121874794205350442382157360645466173858092296763033941000000000000000000000000000000000000000000000000000000000000000000000000000000000000000000000000000000000000000000000000000000000000000000000000000000000000000000000000000000000,47561304449309171573943687420278773820216488959041406761214515460439460625470492255584229289615704489354662692031716995827131303851341031844937272006458332854698219340774244800874500874678424455954509053139604465058267141870287249796798100000000000000000000000000000000000000000000000000000000000000000000000000000000000000000000000000000000000000000000000000000000000000000000000000000000000000000000000000000000000,1
226482402139567483685446130572756065810554709328768603624831026002092669645097582169448710902931926139784108057293890456319672875482576342118748914316468251689039139717972594289878575593706783123592900253045735547896510199382320237127610000000000000000000000000000000000000000000000000000000000000000000000000000000000000000000000000000000000000000000000000000000000000000000000000000000000000000000000000000000000,9987873934354926030528174358258542502245462681398695419855048246692286731348803373672688150819297942764479165326660569123697573808781616687436827121356249899486626061562591408183645183682469135750446901159316937662236099792760322457327601000000000000000000000000000000000000000000000000000000000000000000000000000000000000000000000000000000000000000000000000000000000000000000000000000000000000000000000000000000000000,1
47561304449309171573943687420278773820216488959041406761214515460439460625470492255584229289615704489354662692031716995827131303851341031844937272006458332854698219340774244800874500874678424455954509053139604465058267141870287249796798100000000000000000000000000000000000000000000000000000000000000000000000000000000000000000000000000000000000000000000000000000000000000000000000000000000000000000000000000000000000,2097453526214534466410916615234293925471547163093726038169560131805380213583248708471264511672052567980540624718598719515976490499844139504361733695484812478892191472928144195718565488573318518507593849243456556909069580956479667716038796210000000000000000000000000000000000000000000000000000000000000000000000000000000000000000000000000000000000000000000000000000000000000000000000000000000000000000000000000000000000000,1
9987873934354926030528174358258542502245462681398695419855048246692286731348803373672688150819297942764479165326660569123697573808781616687436827121356249899486626061562591408183645183682469135750446901159316937662236099792760322457327601000000000000000000000000000000000000000000000000000000000000000000000000000000000000000000000000000000000000000000000000000000000000000000000000000000000000000000000000000000000000,440465240505052237946292489199201724349024904249682468015607627679129844852482228778965547451131039275913531190905731098355063004967269295915964076051810620567360209314910281100898752600396888886594708341125876950904612000860730220368147204100000000000000000000000000000000000000000000000000000000000000000000000000000000000000000000000000000000000000000000000000000000000000000000000000000000000000000000000000000000000000,1
2097453526214534466410916615234293925471547163093726038169560131805380213583248708471264511672052567980540624718598719515976490499844139504361733695484812478892191472928144195718565488573318518507593849243456556909069580956479667716038796210000000000000000000000000000000000000000000000000000000000000000000000000000000000000000000000000000000000000000000000000000000000000000000000000000000000000000000000000000000000000,92497700506060969968721422731832362113295229892433318283277601812617267419021268043582764964737518247941841550090203530654563231043126552142352455970880230319145643956131159031188738046083346666184888751636434159689968520180753346277310912861000000000000000000000000000000000000000000000000000000000000000000000000000000000000000000000000000000000000000000000000000000000000000000000000000000000000000000000000000000000000000,1
440465240505052237946292489199201724349024904249682468015607627679129844852482228778965547451131039275913531190905731098355063004967269295915964076051810620567360209314910281100898752600396888886594708341125876950904612000860730220368147204100000000000000000000000000000000000000000000000000000000000000000000000000000000000000000000000000000000000000000000000000000000000000000000000000000000000000000000000000000000000000,19424517106272803693431498773684796043791998277410996839488296380649626157994466289152380642594878832067786725518942741437458278519056575949894015753884848367020585230787543396549634989677502799898826637843651173534893389237958202718235291700810000000000000000000000000000000000000000000000000000000000000000000000000000000000000000000000000000000000000000000000000000000000000000000000000000000000000000000000000000000000000000,1
92497700506060969968721422731832362113295229892433318283277601812617267419021268043582764964737518247941841550090203530654563231043126552142352455970880230319145643956131159031188738046083346666184888751636434159689968520180753346277310912861000000000000000000000000000000000000000000000000000000000000000000000000000000000000000000000000000000000000000000000000000000000000000000000000000000000000000000000000000000000000000,4079148592317288775620614742473807169196319638256309336292542239936421493178837920721999934944924554734235212358977975701866238489001880949477743308315818157074322898465384113275423347832275587978753593947166746442327611739971222570829411257170100000000000000000000000000000000000000000000000000000000000000000000000000000000000000000000000000000000000000000000000000000000000000000000000000000000000000000000000000000000000000000,1
19424517106272803693431498773684796043791998277410996839488296380649626157994466289152380642594878832067786725518942741437458278519056575949894015753884848367020585230787543396549634989677502799898826637843651173534893389237958202718235291700810000000000000000000000000000000000000000000000000000000000000000000000000000000000000000000000000000000000000000000000000000000000000000000000000000000000000000000000000000000000000000,856621204386630642880329095919499505531227124033824960621433870386648513567555963351619986338434156494189394595385374897391910082690394999390326094746321812985607808677730663787838903044777873475538254728905016752888798465393956739874176364005721000000000000000000000000000000000000000000000000000000000000000000000000000000000000000000000000000000000000000000000000000000000000000000000000000000000000000000000000000000000000000000,1
4079148592317288775620614742473807169196319638256309336292542239936421493178837920721999934944924554734235212358977975701866238489001880949477743308315818157074322898465384113275423347832275587978753593947166746442327611739971222570829411257170100000000000000000000000000000000000000000000000000000000000000000000000000000000000000000000000000000000000000000000000000000000000000000000000000000000000000000000000000000000000000000,179890452921192435004869110143094896161557696047103241730501112781196187849186752303840197131071172863779772865030928728452301117364982949871968479896727580726977639822323439395446169639403353429863033493070053518106647677732730915373577036441201410000000000000000000000000000000000000000000000000000000000000000000000000000000000000000000000000000000000000000000000000000000000000000000000000000000000000000000000000000000000000000000,1
856621204386630642880329095919499505531227124033824960621433870386648513567555963351619986338434156494189394595385374897391910082690394999390326094746321812985607808677730663787838903044777873475538254728905016752888798465393956739874176364005721000000000000000000000000000000000000000000000000000000000000000000000000000000000000000000000000000000000000000000000000000000000000000000000000000000000000000000000000000000000000000000,37776995113450411351022513130049928193927116169891680763405233684051199448329217983806441397524946301393752301656495032974983234646646419473113380778312791952665304362687922273043695624274704220271237033544711238802396012323873492228451177652652296100000000000000000000000000000000000000000000000000000000000000000000000000000000000000000000000000000000000000000000000000000000000000000000000000000000000000000000000000000000000000000000,1
179890452921192435004869110143094896161557696047103241730501112781196187849186752303840197131071172863779772865030928728452301117364982949871968479896727580726977639822323439395446169639403353429863033493070053518106647677732730915373577036441201410000000000000000000000000000000000000000000000000000000000000000000000000000000000000000000000000000000000000000000000000000000000000000000000000000000000000000000000000000000000000000000,7933168973824586383714727757310484920724694395677252960315099073650751884149135776599352693480238723292687983347863956924746479275795748089353809963445686310059713916164463677339176081097687886256959777044389360148503162588013433367974747307056982181000000000000000000000000000000000000000000000000000000000000000000000000000000000000000000000000000000000000000000000000000000000000000000000000000000000000000000000000000000000000000000000,1
37776995113450411351022513130049928193927116169891680763405233684051199448329217983806441397524946301393752301656495032974983234646646419473113380778312791952665304362687922273043695624274704220271237033544711238802396012323873492228451177652652296100000000000000000000000000000000000000000000000000000000000000000000000000000000000000000000000000000000000000000000000000000000000000000000000000000000000000000000000000000000000000000000,1665965484503163140580092829035201833352185823092223121666170805466657895671318513085864065630850131891464476503051430954196760647917107098764300092323594125112539922394537372241226977030514456113961553179321765631185664143482821007274696934481966258010000000000000000000000000000000000000000000000000000000000000000000000000000000000000000000000000000000000000000000000000000000000000000000000000000000000000000000000000000000000000000000000,1
7933168973824586383714727757310484920724694395677252960315099073650751884149135776599352693480238723292687983347863956924746479275795748089353809963445686310059713916164463677339176081097687886256959777044389360148503162588013433367974747307056982181000000000000000000000000000000000000000000000000000000000000000000000000000000000000000000000000000000000000000000000000000000000000000000000000000000000000000000000000000000000000000000000,349852751745664259521819494097392385003959022849366855549895869147998158090976887748031453782478527697207540065640800500381319736062592490740503019387954766273633383702852848170657665176408035783931926167657570782548989470131392411527686356241212914182100000000000000000000000000000000000000000000000000000000000000000000000000000000000000000000000000000000000000000000000000000000000000000000000000000000000000000000000000000000000000000000000,1
1665965484503163140580092829035201833352185823092223121666170805466657895671318513085864065630850131891464476503051430954196760647917107098764300092323594125112539922394537372241226977030514456113961553179321765631185664143482821007274696934481966258010000000000000000000000000000000000000000000000000000000000000000000000000000000000000000000000000000000000000000000000000000000000000000000000000000000000000000000000000000000000000000000000,73469077866589494499582093760452400850831394798367039665478132521079613199105146427086605294320490816413583413784568105080077144573144423055505634071470500917463010577599098115838109687045687514625704495208089864335287788727592406420814134810654711978241000000000000000000000000000000000000000000000000000000000000000000000000000000000000000000000000000000000000000000000000000000000000000000000000000000000000000000000000000000000000000000000000,1
349852751745664259521819494097392385003959022849366855549895869147998158090976887748031453782478527697207540065640800500381319736062592490740503019387954766273633383702852848170657665176408035783931926167657570782548989470131392411527686356241212914182100000000000000000000000000000000000000000000000000000000000000000000000000000000000000000000000000000000000000000000000000000000000000000000000000000000000000000000000000000000000000000000000,15428506351983793844912239689695004178674592907657078329750407829426718771812080749688187111807303071446852516894759302066816200360360328841656183155008805192667232221295810604326003034279594378071397943993698871510410435632794405348370968310237489515430610000000000000000000000000000000000000000000000000000000000000000000000000000000000000000000000000000000000000000000000000000000000000000000000000000000000000000000000000000000000000000000000000,1
73469077866589494499582093760452400850831394798367039665478132521079613199105146427086605294320490816413583413784568105080077144573144423055505634071470500917463010577599098115838109687045687514625704495208089864335287788727592406420814134810654711978241000000000000000000000000000000000000000000000000000000000000000000000000000000000000000000000000000000000000000000000000000000000000000000000000000000000000000000000000000000000000000000000000,3239986333916596707431570334835950877521664510607986449247585644179610942080536957434519293479533645003839028547899453434031402075675669056747798462551849090460118766472120226908460637198714819394993568238676763017186191482886825123157903345149872798240428100000000000000000000000000000000000000000000000000000000000000000000000000000000000000000000000000000000000000000000000000000000000000000000000000000000000000000000000000000000000000000000000000,1
15428506351983793844912239689695004178674592907657078329750407829426718771812080749688187111807303071446852516894759302066816200360360328841656183155008805192667232221295810604326003034279594378071397943993698871510410435632794405348370968310237489515430610000000000000000000000000000000000000000000000000000000000000000000000000000000000000000000000000000000000000000000000000000000000000000000000000000000000000000000000000000000000000000000000000,680397130122485308560629770315549684279549547227677154341992985277718297836912761061249051630702065450806195995058885221146594435891890501917037677135888308996624940959145247650776733811730112072948649330122120233609100211406233275863159702481473287630489901000000000000000000000000000000000000000000000000000000000000000000000000000000000000000000000000000000000000000000000000000000000000000000000000000000000000000000000000000000000000000000000000000,1
3239986333916596707431570334835950877521664510607986449247585644179610942080536957434519293479533645003839028547899453434031402075675669056747798462551849090460118766472120226908460637198714819394993568238676763017186191482886825123157903345149872798240428100000000000000000000000000000000000000000000000000000000000000000000000000000000000000000000000000000000000000000000000000000000000000000000000000000000000000000000000000000000000000000000000000,142883397325721914797732251766265433698705404917812202411818526908320842545751679822862300842447433744669301158962365896440784831537297005402577912198536544889291237601420502006663114100463323535319216359325645249057911044395308987931263537521109390402402879210000000000000000000000000000000000000000000000000000000000000000000000000000000000000000000000000000000000000000000000000000000000000000000000000000000000000000000000000000000000000000000000000000,1
680397130122485308560629770315549684279549547227677154341992985277718297836912761061249051630702065450806195995058885221146594435891890501917037677135888308996624940959145247650776733811730112072948649330122120233609100211406233275863159702481473287630489901000000000000000000000000000000000000000000000000000000000000000000000000000000000000000000000000000000000000000000000000000000000000000000000000000000000000000000000000000000000000000000000000000,30005513438401602107523772870915741076728135032740562506481890650747376934607852762801083176913961086380553243382096838252564814622832371134541361561692674426751159896298305421399253961097297942417035435458385502302161319323014887465565342879432971984504604634100000000000000000000000000000000000000000000000000000000000000000000000000000000000000000000000000000000000000000000000000000000000000000000000000000000000000000000000000000000000000000000000000000,1
142883397325721914797732251766265433698705404917812202411818526908320842545751679822862300842447433744669301158962365896440784831537297005402577912198536544889291237601420502006663114100463323535319216359325645249057911044395308987931263537521109390402402879210000000000000000000000000000000000000000000000000000000000000000000000000000000000000000000000000000000000000000000000000000000000000000000000000000000000000000000000000000000000000000000000000000,6301157822064336442579992302892305626112908356875518126361197036656949156267649080188227467151931828139916181110240336033038611070794797938253685927955461629617743578222644138493843331830432567907577441446260955483453877057833126367768722004680924116745966973161000000000000000000000000000000000000000000000000000000000000000000000000000000000000000000000000000000000000000000000000000000000000000000000000000000000000000000000000000000000000000000000000000000,1
30005513438401602107523772870915741076728135032740562506481890650747376934607852762801083176913961086380553243382096838252564814622832371134541361561692674426751159896298305421399253961097297942417035435458385502302161319323014887465565342879432971984504604634100000000000000000000000000000000000000000000000000000000000000000000000000000000000000000000000000000000000000000000000000000000000000000000000000000000000000000000000000000000000000000000000000000,1323243142633510652941798383607384181483710754943858806535851377697959322816206306839527768101905683909382398033150470566938108324866907567033274044870646942219726151426755269083707099684390839260591262703714800651525314182144956537231431620982994064516653064363810000000000000000000000000000000000000000000000000000000000000000000000000000000000000000000000000000000000000000000000000000000000000000000000000000000000000000000000000000000000000000000000000000000,1
6301157822064336442579992302892305626112908356875518126361197036656949156267649080188227467151931828139916181110240336033038611070794797938253685927955461629617743578222644138493843331830432567907577441446260955483453877057833126367768722004680924116745966973161000000000000000000000000000000000000000000000000000000000000000000000000000000000000000000000000000000000000000000000000000000000000000000000000000000000000000000000000000000000000000000000000000000,277881059953037237117777660557550678111579258538210349372528789316571457791403324436300831301400193620970303586961598819057002748222050589076987549422835857866142491799618606507578490933722076244724165167780108136820315978250440872818600640406428753548497143516400100000000000000000000000000000000000000000000000000000000000000000000000000000000000000000000000000000000000000000000000000000000000000000000000000000000000000000000000000000000000000000000000000000000,1
1323243142633510652941798383607384181483710754943858806535851377697959322816206306839527768101905683909382398033150470566938108324866907567033274044870646942219726151426755269083707099684390839260591262703714800651525314182144956537231431620982994064516653064363810000000000000000000000000000000000000000000000000000000000000000000000000000000000000000000000000000000000000000000000000000000000000000000000000000000000000000000000000000000000000000000000000000000,58355022590137819794733308717085642403431644293024173368231045756480006136194698131623174573294040660403763753261935752001970577126630623706167385378795530151889923277919907366591483096081636011392074685233822708732266355432592583291906134485350038245184400138444021000000000000000000000000000000000000000000000000000000000000000000000000000000000000000000000000000000000000000000000000000000000000000000000000000000000000000000000000000000000000000000000000000000000,1
277881059953037237117777660557550678111579258538210349372528789316571457791403324436300831301400193620970303586961598819057002748222050589076987549422835857866142491799618606507578490933722076244724165167780108136820315978250440872818600640406428753548497143516400100000000000000000000000000000000000000000000000000000000000000000000000000000000000000000000000000000000000000000000000000000000000000000000000000000000000000000000000000000000000000000000000000000000,12254554743928942156893994830587984904720645301535076407328519608860801288600886607640866660391748538684790388185006507920413821196592430978295150929547061331896883888363180546984211450177143562392335683899102768833775934640844442491300288241923508031488724029073244410000000000000000000000000000000000000000000000000000000000000000000000000000000000000000000000000000000000000000000000000000000000000000000000000000000000000000000000000000000000000000000000000000000000,1
58355022590137819794733308717085642403431644293024173368231045756480006136194698131623174573294040660403763753261935752001970577126630623706167385378795530151889923277919907366591483096081636011392074685233822708732266355432592583291906134485350038245184400138444021000000000000000000000000000000000000000000000000000000000000000000000000000000000000000000000000000000000000000000000000000000000000000000000000000000000000000000000000000000000000000000000000000000000,2573456496225077852947738914423476829991335513322366045538989117860768270606186187604581998682267193123805981518851366663286902451284410505441981695204882879698345616556267914866684404537200148102390493618811581455092946274577332923173060530803936686612632046105381326100000000000000000000000000000000000000000000000000000000000000000000000000000000000000000000000000000000000000000000000000000000000000000000000000000000000000000000000000000000000000000000000000000000000,1
12254554743928942156893994830587984904720645301535076407328519608860801288600886607640866660391748538684790388185006507920413821196592430978295150929547061331896883888363180546984211450177143562392335683899102768833775934640844442491300288241923508031488724029073244410000000000000000000000000000000000000000000000000000000000000000000000000000000000000000000000000000000000000000000000000000000000000000000000000000000000000000000000000000000000000000000000000000000000,540425864207266349119025172028930134298180457797696869563187714750761336827299099396962219723276110555999256118958786999290249514769726206142816155993025404736652579476816262122003724952812031101502003659950432105569518717661239913866342711468826704188652729682130078481000000000000000000000000000000000000000000000000000000000000000000000000000000000000000000000000000000000000000000000000000000000000000000000000000000000000000000000000000000000000000000000000000000000000,1
